TaskID,Description,Reward,IsCompleted,Counter,Start,End,Title,UserName
1,123456,22.00,false,0,2024-05-01,2024-05-31,what,Zhong Zhenghan
2,22,22.00,false,0,2024-05-01,2024-05-31,haphpa,Zhong Zhenghan
3,2,222.00,false,0,2024-05-02,2024-05-24,good,Zhong Zhenghan
4,44222,44.00,false,0,2024-05-01,2024-05-30,T4,Zhong Zhenghan
1,1,1.00,false,0,2024-05-01,2024-05-30,1,Zhong Zhenghan
3,1,2.00,false,0,2024-05-04,2024-05-10,1,Zhong Zhenghan
1,,2.00,false,0,2024-05-08,2024-05-08,1,Zhong Zhenghan
1,,20.00,false,0,2024-05-08,2024-05-08,11,Zhong Zhenghan
1,,22.00,false,0,2024-05-08,2024-05-08,1,Zhong Zhenghan
